Phone Number,Route ID Description,Rate Center,State,Status,e911
2484856900,TelNet.Dev.Trunk1-SIPD,SOUTHFIELD,MI,In Use,Yes
2484856901,TelNet.Dev.Trunk1-SIPD,SOUTHFIELD,MI,In Use,No
2484856902,TelNet.Dev.Trunk1-SIPD,SOUTHFIELD,MI,In Use,Yes
2484856903,TelNet.Dev.Trunk1-SIPD,SOUTHFIELD,MI,In Use,Yes
2484856904,TelNet.Dev.Trunk1-SIPD,SOUTHFIELD,MI,In Use,Yes
2484856905,TelNet.Dev.Trunk1-SIPD,SOUTHFIELD,MI,In Use,Yes
2484856906,TelNet.Dev.Trunk1-SIPD,SOUTHFIELD,MI,In Use,Yes
2484856907,TelNet.Dev.Trunk1-SIPD,SOUTHFIELD,MI,In Use,Yes
2484856908,TelNet.Dev.Trunk1-SIPD,SOUTHFIELD,MI,In Use,Yes
2484856909,TelNet.Dev.Trunk1-SIPD,SOUTHFIELD,MI,In Use,Yes
2484856910,TelNet.Dev.Trunk2-SIPD,SOUTHFIELD,MI,In Use,Yes
2484856911,TelNet.Dev.Trunk2-SIPD,SOUTHFIELD,MI,In Use,Yes
2484856912,TelNet.Dev.Trunk2-SIPD,SOUTHFIELD,MI,In Use,Yes
2484856913,TelNet.Dev.Trunk2-SIPD,SOUTHFIELD,MI,In Use,Yes
2484856914,TelNet.Dev.Trunk2-SIPD,SOUTHFIELD,MI,In Use,Yes
2484856915,TelNet.Dev.Trunk2-SIPD,SOUTHFIELD,MI,In Use,Yes
2484856916,TelNet.Dev.Trunk2-SIPD,SOUTHFIELD,MI,In Use,Yes
2484856917,TelNet.Dev.Trunk2-SIPD,SOUTHFIELD,MI,In Use,Yes
2484856918,TelNet.Dev.Trunk2-SIPD,SOUTHFIELD,MI,In Use,Yes
2484856919,TelNet.Dev.Trunk2-SIPD,SOUTHFIELD,MI,In Use,Yes
2484856920,,SOUTHFIELD,MI,In Use,No
2484856921,,SOUTHFIELD,MI,In Use,No
2484856922,,SOUTHFIELD,MI,In Use,No
2484856923,,SOUTHFIELD,MI,In Use,No
2484856924,,SOUTHFIELD,MI,In Use,No
2484856925,,SOUTHFIELD,MI,In Use,No
2484856926,,SOUTHFIELD,MI,In Use,No
2484856927,,SOUTHFIELD,MI,In Use,No
2484856928,,SOUTHFIELD,MI,In Use,No
2484856929,,SOUTHFIELD,MI,In Use,No
2484856930,,SOUTHFIELD,MI,In Use,No
2484856931,,SOUTHFIELD,MI,In Use,No
2484856932,,SOUTHFIELD,MI,In Use,No
2484856933,,SOUTHFIELD,MI,In Use,No
2484856934,,SOUTHFIELD,MI,In Use,No
2484856935,,SOUTHFIELD,MI,In Use,No
2484856936,,SOUTHFIELD,MI,In Use,No
2484856937,,SOUTHFIELD,MI,In Use,No
2484856938,,SOUTHFIELD,MI,In Use,No
2484856939,,SOUTHFIELD,MI,In Use,No
